Seconds,%CPU,%MEM
0,Content,0.0  2.1
0,Content,0.0  2.2
0,Content,0.0  2.1
5,Content,0.0  2.1
5,Content,0.0  2.2
5,Content,0.0  2.1
10,Content,0.0  2.1
10,Content,0.0  2.2
10,Content,0.0  2.1
15,Content,0.0  2.1
15,Content,0.0  2.2
15,Content,0.0  2.1
20,Content,0.0  2.1
20,Content,0.0  2.2
20,Content,0.0  2.1
25,Content,0.0  2.1
25,Content,0.0  2.2
25,Content,0.0  2.1
30,Content,0.0  2.1
30,Content,0.0  2.2
30,Content,0.0  2.1
35,Content,0.0  2.1
35,Content,0.0  2.2
35,Content,0.0  2.1
40,Content,0.0  2.1
40,Content,0.0  2.2
40,Content,0.0  2.1
45,Content,0.0  2.1
45,Content,0.0  2.2
45,Content,0.0  2.1
50,Content,0.0  2.1
50,Content,0.0  2.2
50,Content,0.0  2.1
55,Content,0.0  2.1
55,Content,0.0  2.2
55,Content,0.0  2.1
